Promotion,Campus,Prenom,Nom,Langage,Email
2008,Gex,Ludwig,Moss,Python,cmoss0@shareasale.com
2014,Charbonnieres,Franck,Perin,Js,fperin1@cargocollective.com
2021,Gex,Jade,Booth-Jarvis,Java,vboothjarvis2@yale.edu
2021,Remote,Dorsun,Castanho,Js,acastanho3@auda.org.au
2020,Remote,Kinglsey,Musslewhite,Js,kmusslewhite4@tumblr.com
2013,Villeurbanne,Ludwig,Meriott,Python,pmeriott5@yellowpages.com
2021,Villeurbanne,Theo,Hatto,PHP,hhatto6@simplemachines.org
2017,Remote,Loic,Haggerston,Python,fhaggerston7@1und1.de
2014,Saint-Martin,Mathieu,Wimp,PHP,fwimp8@histats.com
2016,Remote,Adrien,Eakle,Js,ueakle9@hao123.com
2014,Villeurbanne,Yoann,Deakes,PHP,vdeakesa@sina.com.cn
2010,Remote,Lena,Scroyton,Python,sscroytonb@ftc.gov
2013,Villeurbanne,Mathieu,Lown,PHP,slownc@drupal.org
2019,Charbonnieres,Catherine,Giacovelli,Js,rgiacovellid@pen.io
2008,Charbonnieres,Corentin,Mc Faul,Js,mmcfaule@bloomberg.com
2009,Gex,David,Matteau,PHP,dmatteauf@ifeng.com
2020,Saint-Martin,Alois,Boutton,Java,gbouttong@miibeian.gov.cn
2008,Gex,David,Kolin,Java,ckolinh@boston.com
2017,Villeurbanne,Mia,Jiroutek,PHP,pjirouteki@instagram.com
2012,Villeurbanne,Michel,Munning,Python,gmunningj@weebly.com
2016,Charbonnieres,David,Daines,Java,gdainesk@meetup.com
2017,Remote,Fazul,Scipsey,PHP,kscipseyl@mediafire.com
2020,Remote,Jean-loup,Dugget,Java,aduggetm@wikia.com
2009,Villeurbanne,Catherine,Dougan,PHP,cdougann@wp.com
2013,Remote,Philippe,Zettler,Python,czettlero@msu.edu
2021,Villeurbanne,Claude,Stirman,PHP,mstirmanp@blogs.com
2008,Remote,Franck,Spennock,PHP,aspennockq@msu.edu
2021,Saint-Martin,Dorsun,Howton,Java,chowtonr@ask.com
2020,Charbonnieres,Lena,Loram,PHP,rlorams@mozilla.org
2021,Villeurbanne,Jade,Swaddle,Python,eswaddlet@jigsy.com
2010,Remote,Jennifer,Jeakins,Js,kjeakinsu@un.org
2010,Remote,Nicolas,Worsfield,PHP,cworsfieldv@dyndns.org
2017,Remote,Franck,Mendel,Python,lmendelw@canalblog.com
2008,Saint-Martin,Veronique,Dumsday,Java,pdumsdayx@com.com
2016,Charbonnieres,Jean-loup,Langforth,Java,blangforthy@omniture.com
2021,Remote,Kinglsey,Vedntyev,PHP,dvedntyevz@abc.net.au
2019,Charbonnieres,Veronique,Sigge,Java,jsigge10@wsj.com
2020,Gex,Amanda,Bediss,PHP,rbediss11@tumblr.com
2013,Saint-Martin,Iliana,Bancroft,Java,hbancroft12@goo.ne.jp
2013,Saint-Martin,Claude,MacIntosh,Python,gmacintosh13@google.ru
2013,Charbonnieres,Claude,Delacourt,PHP,jdelacourt14@google.ru
2010,Saint-Martin,Susy,Gornal,Js,mgornal15@china.com.cn
2018,Gex,Adam,Jeays,Python,hjeays16@craigslist.org
2015,Remote,Cedric,Spellman,Js,bspellman17@altervista.org
2019,Villeurbanne,Alois,Truelock,Java,mtruelock18@diigo.com
2019,Saint-Martin,Susy,Malatalant,Js,omalatalant19@sciencedirect.com
2017,Charbonnieres,Susy,Luc,PHP,bluc1a@freewebs.com
2009,Charbonnieres,Loic,Van Salzberger,Java,jvansalzberger1b@indiatimes.com
2019,Villeurbanne,Karim,Stollenberg,PHP,sstollenberg1c@newyorker.com
2008,Charbonnieres,Eric,Gowenlock,Java,jgowenlock1d@addtoany.com
2012,Charbonnieres,Mathieu,Tettersell,Python,stettersell1e@aol.com
2009,Villeurbanne,Yoann,Joist,Java,sjoist1f@zimbio.com
2021,Villeurbanne,Jade,Madgwich,Java,hmadgwich1g@reference.com
2021,Villeurbanne,Sara,Pahler,Python,dpahler1h@blogger.com
2011,Villeurbanne,Sara,Kolodziejski,Python,tkolodziejski1i@wikimedia.org
2018,Gex,Loic,Etienne,Python,ketienne1j@shinystat.com
2018,Gex,Jean-loup,Parcall,Js,wparcall1k@nhs.uk
2021,Gex,Claude,Eouzan,Python,meouzan1l@hugedomains.com
2009,Saint-Martin,Theo,Sandwich,Java,nsandwich1m@disqus.com
2019,Charbonnieres,Alexandre,Southcoat,PHP,bsouthcoat1n@purevolume.com
2017,Remote,Catherine,Garrison,PHP,bgarrison1o@auda.org.au
2008,Gex,Karim,Sinnat,PHP,dsinnat1p@nydailynews.com
2019,Villeurbanne,Melodie,Youdell,Java,lyoudell1q@symantec.com
2015,Saint-Martin,Claude,Cady,PHP,ccady1r@qq.com
2008,Gex,Philippe,Dryburgh,Java,ndryburgh1s@biglobe.ne.jp
2010,Charbonnieres,Sara,De Bernardis,Java,wdebernardis1t@thetimes.co.uk
2020,Remote,Kinglsey,Kelemen,Python,ckelemen1u@comsenz.com
2010,Charbonnieres,Franck,Pottes,Js,spottes1v@addthis.com
2021,Charbonnieres,Eric,De Wolfe,Java,adewolfe1w@youtube.com
2009,Remote,Mathieu,Leeke,Java,aleeke1x@usgs.gov
2021,Charbonnieres,Susy,Instock,PHP,rinstock1y@miitbeian.gov.cn
2018,Remote,Juliette,Blanchet,Java,bblanchet1z@europa.eu
2018,Remote,Veronique,Miners,Python,pminers20@oracle.com
2014,Remote,Adam,Iacobo,Python,miacobo21@nhs.uk
2013,Saint-Martin,Maude,Messitt,Java,nmessitt22@twitpic.com
2011,Villeurbanne,Franck,Gorriessen,PHP,fgorriessen23@wunderground.com
2008,Saint-Martin,Maude,Bontine,Python,mbontine24@sina.com.cn
2019,Villeurbanne,Jade,Frondt,Python,nfrondt25@gravatar.com
2010,Charbonnieres,Juliette,Sibbet,Java,esibbet26@gizmodo.com
2020,Gex,Ludwig,Huffadine,Java,rhuffadine27@dion.ne.jp
2013,Gex,Aurelien,Preskett,PHP,rpreskett28@de.vu
2012,Charbonnieres,Mia,Fandrey,Java,afandrey29@spotify.com
2008,Villeurbanne,Ludwig,Davenhall,Java,kdavenhall2a@mapquest.com
2018,Saint-Martin,Alice,Pummery,Java,mpummery2b@last.fm
2008,Remote,Aurelien,McCraine,Js,mmccraine2c@behance.net
2015,Remote,Jean-loup,Iltchev,Js,ailtchev2d@google.pl
2014,Charbonnieres,Michel,Cornelleau,Java,gcornelleau2e@surveymonkey.com
2020,Villeurbanne,Mia,Rigby,Java,origby2f@sun.com
2021,Charbonnieres,Adrien,Dack,Java,cdack2g@google.com.au
2015,Saint-Martin,Jennifer,Millichip,PHP,lmillichip2h@bravesites.com
2014,Charbonnieres,Dorsun,Tapley,Python,btapley2i@theglobeandmail.com
2017,Remote,Iliana,Schenkel,Js,mschenkel2j@patch.com
2017,Remote,Iliana,Algore,Python,ialgore2k@t-online.de
2021,Villeurbanne,Kais,Pyle,Python,jpyle2l@mail.ru
2020,Charbonnieres,Ali,Ohm,Js,rohm2m@apache.org
2008,Charbonnieres,Adam,Ginity,PHP,cginity2n@blogspot.com
2021,Charbonnieres,Dorsun,Ragles,PHP,rragles2o@ebay.com
2021,Gex,Dorsun,Mechem,Java,dmechem2p@wunderground.com
2013,Remote,Adam,O'Hollegan,Java,kohollegan2q@163.com
2012,Charbonnieres,Kinglsey,Grundy,Python,agrundy2r@simplemachines.org
2014,Saint-Martin,Michel,Deniske,Js,bdeniske2s@over-blog.com
2020,Gex,Juliette,Dodgson,PHP,vdodgson2t@paginegialle.it
2011,Villeurbanne,Mathieu,Migheli,Js,lmigheli2u@businessweek.com
2018,Saint-Martin,Bilel,Gallihawk,Python,bgallihawk2v@reddit.com
2009,Charbonnieres,Anna,Lockney,Java,klockney2w@mysql.com
2021,Remote,David,Dainter,Python,gdainter2x@amazonaws.com
2010,Villeurbanne,Lena,Parsley,Java,hparsley2y@example.com
2017,Villeurbanne,Philippe,Sanbroke,Java,tsanbroke2z@slashdot.org
2017,Charbonnieres,Karim,Berkeley,Java,lberkeley30@bbb.org
2009,Gex,Tony,Scotter,Js,rscotter31@cmu.edu
2020,Gex,Yoann,Leaton,Java,kleaton32@economist.com
2015,Saint-Martin,Aurelien,Moyle,Java,dmoyle33@mashable.com
2009,Saint-Martin,Maude,McDaid,Java,bmcdaid34@123-reg.co.uk
2013,Charbonnieres,Nicolas,Mapham,Java,tmapham35@ezinearticles.com
2011,Remote,Karim,Lindbergh,PHP,elindbergh36@admin.ch
2008,Charbonnieres,Adam,Henaughan,Python,shenaughan37@seesaa.net
2010,Gex,Claude,Stadding,Java,astadding38@printfriendly.com
2009,Charbonnieres,Jade,Skeldinge,PHP,eskeldinge39@disqus.com
2014,Charbonnieres,Aurelien,Tomson,PHP,btomson3a@mozilla.com
2011,Gex,Eric,Glozman,PHP,hglozman3b@jugem.jp
2015,Gex,Anna,Matissoff,Js,lmatissoff3c@digg.com
2021,Charbonnieres,Lena,Farish,PHP,efarish3d@hhs.gov
2018,Charbonnieres,Veronique,Morrel,Python,dmorrel3e@soundcloud.com
2011,Remote,Corentin,Lytton,PHP,elytton3f@netvibes.com
2016,Villeurbanne,Ali,Folland,Python,mfolland3g@twitpic.com
2015,Charbonnieres,Michel,Moran,PHP,amoran3h@posterous.com
2018,Villeurbanne,Bilel,Burgwin,Python,mburgwin3i@tmall.com
2008,Saint-Martin,Kais,Aiston,Python,daiston3j@1688.com
2014,Villeurbanne,Jennifer,Elders,PHP,lelders3k@slate.com
2015,Gex,Bilel,Jagson,Python,hjagson3l@wikipedia.org
2011,Gex,Theo,Blankley,Python,gblankley3m@sbwire.com
2015,Remote,Michel,Walsham,Js,gwalsham3n@over-blog.com
2020,Gex,Jean-loup,Macak,Java,amacak3o@ucla.edu
2016,Gex,Eric,Mizzen,PHP,bmizzen3p@simplemachines.org
2008,Remote,Lucas,Varty,Java,bvarty3q@sakura.ne.jp
2017,Villeurbanne,Susy,Di Giorgio,Python,rdigiorgio3r@bbc.co.uk
2008,Remote,Alois,Szymonowicz,PHP,eszymonowicz3s@vk.com
2010,Villeurbanne,Sara,Keddie,Java,kkeddie3t@hexun.com
2019,Charbonnieres,Catherine,Gantz,Java,bgantz3u@example.com
2015,Saint-Martin,Yoann,Exter,Java,hexter3v@cloudflare.com
2014,Charbonnieres,Susy,Sargant,Java,lsargant3w@furl.net
2016,Remote,Iliana,Gores,Java,cgores3x@washingtonpost.com
2012,Gex,Lucas,Colaton,PHP,dcolaton3y@forbes.com
2019,Villeurbanne,Juliette,Rozec,Java,mrozec3z@reverbnation.com
2014,Gex,Bilel,Louys,Java,llouys40@tinyurl.com
2015,Charbonnieres,Mia,Woodwing,Js,swoodwing41@sitemeter.com
2018,Remote,Jean-loup,Perllman,Python,bperllman42@usda.gov
2017,Gex,Corentin,Routhorn,Python,brouthorn43@noaa.gov
2014,Remote,Yoann,McRuvie,PHP,cmcruvie44@hubpages.com
2011,Saint-Martin,Jean-loup,Driffill,PHP,jdriffill45@yahoo.com
2018,Remote,Mathieu,Chaise,Js,fchaise46@smugmug.com
2010,Gex,Fazul,Enrique,Java,lenrique47@dailymail.co.uk
2016,Gex,Dorsun,Cream,Python,lcream48@istockphoto.com
2016,Charbonnieres,Alexandre,Adriano,PHP,nadriano49@flavors.me
2021,Villeurbanne,Sara,Sinkings,Python,ksinkings4a@tripadvisor.com
2017,Gex,Karim,Morford,Java,cmorford4b@nyu.edu
2021,Gex,Catherine,Culver,PHP,gculver4c@nhs.uk
2015,Remote,Michel,Sturch,Java,hsturch4d@cnn.com
2014,Gex,Lena,Esmonde,Python,pesmonde4e@ycombinator.com
2009,Saint-Martin,Corentin,Castletine,Python,jcastletine4f@state.gov
2012,Villeurbanne,Iliana,Le Noir,Java,slenoir4g@etsy.com
2013,Charbonnieres,Cedric,Huckstepp,Java,mhuckstepp4h@chicagotribune.com
2017,Charbonnieres,Adrien,Oldroyde,PHP,foldroyde4i@trellian.com
2017,Villeurbanne,Philippe,Wasmer,PHP,bwasmer4j@google.ca
2012,Charbonnieres,Aurelien,Stovell,Js,dstovell4k@wunderground.com
2009,Remote,Nicolas,McWard,Java,kmcward4l@163.com
2010,Remote,Adam,Gimber,Java,egimber4m@free.fr
2018,Charbonnieres,Alois,Bartak,Java,hbartak4n@trellian.com
2014,Saint-Martin,Anna,Woollons,Java,jwoollons4o@sciencedirect.com
2017,Villeurbanne,Bilel,Hearley,PHP,mhearley4p@purevolume.com
2021,Saint-Martin,Mia,Everal,Java,meveral4q@live.com
2019,Remote,Melodie,Ebanks,PHP,rebanks4r@si.edu
2017,Remote,Jade,Furzey,Js,afurzey4s@issuu.com
2011,Villeurbanne,Nicolas,Santon,Python,hsanton4t@prlog.org
2015,Villeurbanne,Tony,Geoghegan,Python,egeoghegan4u@time.com
2019,Villeurbanne,Michel,Juster,PHP,wjuster4v@photobucket.com
2014,Remote,Iliana,Dyke,PHP,jdyke4w@unc.edu
2011,Saint-Martin,Dorsun,Baumford,Js,lbaumford4x@japanpost.jp
2016,Charbonnieres,Melodie,Rebeiro,Js,rrebeiro4y@example.com
2019,Gex,Adrien,Doneld,PHP,adoneld4z@psu.edu
2016,Saint-Martin,Kais,Muehle,PHP,amuehle50@unicef.org
2012,Gex,Jade,Ivashnyov,Js,jivashnyov51@vkontakte.ru
2008,Remote,Jennifer,Lewsam,PHP,klewsam52@geocities.com
2017,Saint-Martin,Jade,Emmison,Java,memmison53@illinois.edu
2009,Gex,Bilel,Tirrey,PHP,htirrey54@pinterest.com
2019,Gex,Susy,Pridmore,Python,ppridmore55@gravatar.com
2020,Villeurbanne,Eric,Maylott,Python,hmaylott56@redcross.org
2012,Charbonnieres,Mia,Meers,Python,pmeers57@latimes.com
2012,Saint-Martin,Michel,McAne,PHP,tmcane58@devhub.com
2010,Villeurbanne,Yoann,Horburgh,Js,chorburgh59@webnode.com
2009,Gex,Jade,Hurton,Python,ahurton5a@seesaa.net
2014,Remote,Corentin,Patrone,Java,ipatrone5b@hubpages.com
2012,Villeurbanne,Matteo,Lace,Js,hlace5c@bloglines.com
2008,Saint-Martin,Jade,Cahill,Python,acahill5d@elpais.com
2021,Remote,Philippe,Thaxter,Js,ethaxter5e@yandex.ru
2018,Saint-Martin,Kinglsey,Lofting,Java,elofting5f@si.edu
2008,Charbonnieres,Karim,Albisser,PHP,ralbisser5g@noaa.gov
2009,Saint-Martin,David,Benion,PHP,sbenion5h@xing.com
2011,Charbonnieres,Loic,Brangan,Java,hbrangan5i@theguardian.com
2016,Remote,Anna,Simionescu,PHP,bsimionescu5j@csmonitor.com
2021,Villeurbanne,Mathieu,Kinglake,Python,zkinglake5k@devhub.com
2012,Charbonnieres,Lena,Smeall,PHP,asmeall5l@163.com
2017,Remote,Karim,Cleal,Js,kcleal5m@ifeng.com
2011,Saint-Martin,Adrien,Fresson,PHP,cfresson5n@com.com
2014,Gex,Lucas,Baggallay,Js,abaggallay5o@pinterest.com
2019,Remote,Loic,Sellen,Js,hsellen5p@imdb.com
2020,Villeurbanne,Karim,Zimmerman,Java,czimmerman5q@aol.com
2015,Gex,Claude,Delgado,Java,hdelgado5r@123-reg.co.uk
2011,Saint-Martin,Iliana,Garton,PHP,jgarton5s@mashable.com
2016,Charbonnieres,Dorsun,Burndred,Java,cburndred5t@skyrock.com
2013,Remote,Jennifer,Aiken,Python,caiken5u@facebook.com
2018,Gex,Tony,McCague,PHP,jmccague5v@state.gov
2013,Remote,Aurelien,Almond,Js,talmond5w@mediafire.com
2018,Saint-Martin,Adrien,Wike,PHP,cwike5x@wikimedia.org
2021,Gex,Matteo,Turpin,Python,sturpin5y@tinypic.com
2013,Villeurbanne,Mia,Petranek,Python,mpetranek5z@narod.ru
2019,Remote,Yoann,Moneti,Java,emoneti60@yellowbook.com
2020,Saint-Martin,Corentin,MacGeaney,PHP,omacgeaney61@imgur.com
2012,Charbonnieres,Sara,Ghelerdini,PHP,cghelerdini62@cnn.com
2012,Remote,Ludwig,Caves,Java,acaves63@shinystat.com
2013,Saint-Martin,Yoann,Scutter,PHP,dscutter64@gmpg.org
2016,Gex,Bilel,Bracer,Java,cbracer65@hc360.com
2013,Villeurbanne,Alice,Dupree,Java,gdupree66@devhub.com
2008,Villeurbanne,Amanda,Straw,Java,lstraw67@amazon.co.jp
2016,Gex,Franck,Charlon,Python,zcharlon68@barnesandnoble.com
2011,Villeurbanne,Jennifer,Von Brook,Python,tvonbrook69@samsung.com
2019,Saint-Martin,Dorsun,Loughren,Python,cloughren6a@issuu.com
2012,Saint-Martin,Alexandre,Lutzmann,Java,clutzmann6b@mail.ru
2010,Remote,Ali,Dossett,PHP,adossett6c@samsung.com
2009,Gex,Claude,Strowan,Js,jstrowan6d@gizmodo.com
2011,Saint-Martin,Veronique,Crosgrove,Js,scrosgrove6e@state.tx.us
2011,Villeurbanne,Iliana,Chafer,PHP,schafer6f@tinyurl.com
2017,Gex,Adam,Burndred,PHP,jburndred6g@addthis.com
2017,Charbonnieres,Ludwig,Elcombe,Python,melcombe6h@foxnews.com
2008,Remote,Corentin,Redgewell,Js,jredgewell6i@senate.gov
2013,Villeurbanne,Melodie,Normanvell,Js,tnormanvell6j@sbwire.com
2015,Saint-Martin,Franck,Jacmar,PHP,bjacmar6k@cloudflare.com
2008,Remote,Bilel,Mence,Java,hmence6l@elpais.com
2009,Gex,Yoann,McIlmorie,Js,mmcilmorie6m@networksolutions.com
2014,Remote,Melodie,Robertis,Js,irobertis6n@rediff.com
2017,Saint-Martin,Jean-loup,Doneld,Python,bdoneld6o@phoca.cz
2014,Remote,Alice,Brayfield,PHP,obrayfield6p@flickr.com
2012,Charbonnieres,Jean-loup,Cron,Python,hcron6q@pbs.org
2008,Gex,Claude,Brightey,Java,gbrightey6r@infoseek.co.jp
2012,Gex,Ali,Raulston,Java,craulston6s@howstuffworks.com
2018,Remote,Dorsun,Klulisek,PHP,tklulisek6t@icq.com
2008,Villeurbanne,Kais,Mueller,Python,wmueller6u@yandex.ru
2009,Villeurbanne,Juliette,Aim,Js,caim6v@phpbb.com
2014,Saint-Martin,Bilel,Jeanneau,PHP,djeanneau6w@cloudflare.com
2008,Remote,Kais,Coats,Java,ycoats6x@is.gd
2021,Gex,Jade,Parlet,Js,tparlet6y@ox.ac.uk
2015,Villeurbanne,Iliana,Qusklay,PHP,tqusklay6z@cam.ac.uk
2017,Charbonnieres,Juliette,Roderighi,Python,iroderighi70@springer.com
2016,Remote,Philippe,Pardue,Js,gpardue71@plala.or.jp
2009,Remote,Susy,Meaney,PHP,lmeaney72@bizjournals.com
2010,Remote,Susy,Shellshear,PHP,rshellshear73@skype.com
2019,Villeurbanne,Lena,Howman,PHP,dhowman74@discovery.com
2019,Charbonnieres,Alice,Teather,Java,mteather75@europa.eu
2009,Charbonnieres,Dorsun,Beavan,Js,abeavan76@flickr.com
2012,Saint-Martin,Michel,Comoletti,Js,ccomoletti77@github.io
2014,Gex,Kais,Creeboe,PHP,ecreeboe78@barnesandnoble.com
2019,Gex,Sara,Beaconsall,Js,rbeaconsall79@indiegogo.com
2020,Gex,Karim,Treacher,PHP,atreacher7a@vimeo.com
2011,Saint-Martin,Mathieu,Walling,PHP,kwalling7b@oakley.com
2014,Gex,Alois,Rosenauer,Java,jrosenauer7c@blog.com
2010,Charbonnieres,Juliette,Agdahl,Js,aagdahl7d@360.cn
2012,Saint-Martin,Iliana,Winterbotham,PHP,ywinterbotham7e@arizona.edu
2014,Charbonnieres,Anna,Kanzler,Python,gkanzler7f@is.gd
2013,Remote,Ludwig,Gush,PHP,ngush7g@51.la
2012,Charbonnieres,Eric,Petrulis,Js,ypetrulis7h@google.co.uk
2021,Gex,Aurelien,Arthurs,PHP,aarthurs7i@youtu.be
2016,Villeurbanne,Alice,Derham,Python,fderham7j@merriam-webster.com
2011,Villeurbanne,Ali,Imbrey,PHP,limbrey7k@boston.com
2021,Charbonnieres,Eric,Pywell,Python,mpywell7l@discovery.com
2015,Saint-Martin,Mia,Smalles,PHP,csmalles7m@i2i.jp
2015,Charbonnieres,Alice,Locarno,Js,vlocarno7n@latimes.com
2018,Saint-Martin,Melodie,Manklow,PHP,bmanklow7o@china.com.cn
2018,Charbonnieres,Loic,Gilbert,Js,cgilbert7p@stanford.edu
2016,Gex,Aurelien,Marginson,Java,smarginson7q@seattletimes.com
2021,Gex,Jennifer,Bisiker,Python,ebisiker7r@webs.com
2016,Villeurbanne,Susy,Delgadillo,Js,bdelgadillo7s@eventbrite.com
2008,Charbonnieres,Alexandre,O'Doherty,PHP,codoherty7t@a8.net
2008,Saint-Martin,Jade,Balchen,PHP,abalchen7u@vistaprint.com
2012,Charbonnieres,Jean-loup,Spinella,Python,kspinella7v@free.fr
2015,Saint-Martin,Karim,Feaks,Java,sfeaks7w@google.ru
2016,Remote,Lena,Wenn,Python,cwenn7x@php.net
2010,Saint-Martin,Lena,Ostridge,PHP,lostridge7y@theglobeandmail.com
2010,Charbonnieres,Adrien,Locke,Java,glocke7z@marketwatch.com
2014,Villeurbanne,Jean-loup,Boughton,Python,eboughton80@mit.edu
2011,Saint-Martin,Franck,Sewell,Js,csewell81@dmoz.org
2020,Villeurbanne,Alice,Anders,Java,danders82@mozilla.com
2019,Remote,Mia,Broady,Python,mbroady83@shop-pro.jp
2017,Remote,Matteo,Piscopo,PHP,fpiscopo84@shinystat.com
2015,Saint-Martin,Mathieu,Godber,PHP,zgodber85@mit.edu
2010,Gex,Veronique,Kadwallider,Python,skadwallider86@seesaa.net
2008,Charbonnieres,Juliette,Ditchburn,PHP,fditchburn87@indiatimes.com
2011,Charbonnieres,Michel,Furniss,Js,tfurniss88@tinyurl.com
2009,Remote,Cedric,Kilroy,Js,kkilroy89@123-reg.co.uk
2018,Villeurbanne,Dorsun,Burgane,Python,mburgane8a@flavors.me
2014,Villeurbanne,Juliette,MacNally,PHP,fmacnally8b@mayoclinic.com
2021,Saint-Martin,Claude,Chaimson,PHP,rchaimson8c@spotify.com
2017,Villeurbanne,Franck,Birkbeck,Python,tbirkbeck8d@disqus.com
2020,Saint-Martin,Maude,Brandes,Python,cbrandes8e@etsy.com
2012,Remote,Ludwig,Koopman,PHP,rkoopman8f@businessweek.com
2013,Saint-Martin,Kinglsey,Fortescue,Js,lfortescue8g@oaic.gov.au
2018,Charbonnieres,Loic,Cariss,Python,ccariss8h@patch.com
2016,Charbonnieres,Bilel,Maraga,PHP,smaraga8i@yolasite.com
2010,Saint-Martin,Ali,Tomasutti,Python,rtomasutti8j@hibu.com
2018,Villeurbanne,Jade,Ragsdall,Js,cragsdall8k@washingtonpost.com
2010,Gex,Adrien,Hardaker,Java,dhardaker8l@usda.gov
2015,Saint-Martin,Iliana,Beccera,PHP,lbeccera8m@taobao.com
2016,Gex,Mia,Iddon,PHP,liddon8n@furl.net
2009,Charbonnieres,Iliana,Thring,PHP,mthring8o@columbia.edu
2019,Gex,Mia,Dunn,PHP,ddunn8p@exblog.jp
2015,Gex,Kais,Tole,Js,ctole8q@xing.com
2020,Gex,Franck,Gander,Java,jgander8r@360.cn
2017,Villeurbanne,Eric,Plessing,Python,cplessing8s@google.co.uk
2012,Saint-Martin,Eric,Labes,Java,rlabes8t@wsj.com
2018,Gex,Alexandre,Stittle,PHP,rstittle8u@ezinearticles.com
2013,Villeurbanne,Jean-loup,Deary,Js,adeary8v@typepad.com
2011,Remote,Ali,Kinnett,Java,gkinnett8w@google.co.jp
2010,Gex,Kais,Perrottet,Python,dperrottet8x@meetup.com
2012,Saint-Martin,Melodie,Sturmey,Js,msturmey8y@zdnet.com
2016,Gex,Eric,Hadleigh,Python,chadleigh8z@bizjournals.com
2015,Saint-Martin,Melodie,Franciottoi,Python,dfranciottoi90@behance.net
2011,Gex,Theo,Mercik,Python,rmercik91@mit.edu
2011,Villeurbanne,Jade,Sickling,Js,gsickling92@cbc.ca
2016,Charbonnieres,Kais,Bolsteridge,Js,sbolsteridge93@imgur.com
2015,Villeurbanne,Jean-loup,Paddie,Js,tpaddie94@quantcast.com
2009,Charbonnieres,Theo,Shubotham,Python,lshubotham95@gov.uk
2015,Charbonnieres,Nicolas,Rudsdale,Python,arudsdale96@webeden.co.uk
2012,Remote,Fazul,Volk,Js,bvolk97@comcast.net
2012,Charbonnieres,Catherine,Leipold,Js,rleipold98@forbes.com
2017,Villeurbanne,Bilel,Thornton,Js,ethornton99@usgs.gov
2015,Villeurbanne,Alice,Truin,Python,ltruin9a@ca.gov
2010,Saint-Martin,Catherine,Debill,Python,mdebill9b@diigo.com
2009,Villeurbanne,Jennifer,Emmet,Js,nemmet9c@mozilla.org
2018,Gex,Mia,Ludford,Js,mludford9d@bluehost.com
2021,Gex,Melodie,Bukac,Java,jbukac9e@booking.com
2015,Villeurbanne,Kais,Rooksby,Python,brooksby9f@phpbb.com
2018,Gex,Aurelien,Fruchon,Js,dfruchon9g@twitter.com
2009,Charbonnieres,Dorsun,de Mullett,Python,edemullett9h@patch.com
2016,Charbonnieres,Ali,Bellefant,Js,mbellefant9i@fastcompany.com
2014,Remote,Nicolas,Bambrugh,Js,lbambrugh9j@comsenz.com
2011,Saint-Martin,Loic,Melbourn,PHP,bmelbourn9k@sina.com.cn
2013,Villeurbanne,Loic,Frowing,Js,rfrowing9l@yellowpages.com
2012,Gex,Iliana,Hubble,Java,dhubble9m@opensource.org
2017,Remote,Amanda,Artz,Java,rartz9n@ovh.net
2020,Charbonnieres,Melodie,Parram,Python,gparram9o@nifty.com
2018,Saint-Martin,Veronique,Aldrick,Python,qaldrick9p@ezinearticles.com
2012,Villeurbanne,Ali,Thow,Java,hthow9q@edublogs.org
2011,Charbonnieres,Kinglsey,Wakelin,Java,cwakelin9r@globo.com
2014,Saint-Martin,Tony,Ioselev,Js,dioselev9s@topsy.com
2009,Saint-Martin,Ludwig,Tolland,Python,gtolland9t@cnet.com
2021,Villeurbanne,Philippe,Rushsorth,PHP,rrushsorth9u@bandcamp.com
2018,Charbonnieres,Alois,Mion,Js,zmion9v@dell.com
2012,Remote,Dorsun,Sussems,Python,msussems9w@trellian.com
2017,Villeurbanne,Dorsun,Jerram,PHP,tjerram9x@ihg.com
2012,Saint-Martin,Maude,Lathwood,Java,clathwood9y@amazon.co.jp
2010,Villeurbanne,Karim,Woodus,Js,wwoodus9z@bbb.org
2020,Remote,David,Hymans,Java,mhymansa0@vkontakte.ru
2010,Saint-Martin,Yoann,Reignard,Python,creignarda1@opera.com
2018,Gex,Lucas,Puckett,Js,apucketta2@seattletimes.com
2014,Villeurbanne,Ali,Caustick,Python,ecausticka3@zdnet.com
2011,Remote,Loic,Jacson,Js,tjacsona4@people.com.cn
2012,Villeurbanne,Susy,Verney,Python,cverneya5@dyndns.org
2009,Gex,Jennifer,Brindle,Python,mbrindlea6@fotki.com
2011,Villeurbanne,Lena,Fitt,Js,cfitta7@illinois.edu
2010,Remote,Aurelien,Tebbett,PHP,ptebbetta8@go.com
2017,Villeurbanne,Alice,Brentnall,Js,jbrentnalla9@alexa.com
2009,Charbonnieres,Jade,Lindenboim,PHP,nlindenboimaa@reuters.com
2019,Saint-Martin,Amanda,Battill,PHP,kbattillab@rediff.com
2014,Villeurbanne,Catherine,Rydeard,Java,prydeardac@so-net.ne.jp
2014,Saint-Martin,Karim,Luciano,Java,jlucianoad@booking.com
2014,Villeurbanne,Michel,Sweetsur,Python,lsweetsurae@parallels.com
2013,Saint-Martin,Philippe,Jirak,Js,jjirakaf@mapy.cz
2019,Charbonnieres,Alexandre,Riggeard,Java,sriggeardag@usa.gov
2016,Charbonnieres,Dorsun,MacColm,Java,amaccolmah@prlog.org
2013,Gex,Lena,Dwane,Python,mdwaneai@mysql.com
2019,Remote,Theo,Lahy,Js,glahyaj@goo.gl
2011,Villeurbanne,Loic,Nunns,Python,lnunnsak@imageshack.us
2011,Remote,Aurelien,Isaaksohn,PHP,tisaaksohnal@cdbaby.com
2011,Saint-Martin,Mia,Peter,Java,cpeteram@ft.com
2018,Charbonnieres,Kais,Jerzyk,PHP,ajerzykan@google.it
2020,Saint-Martin,Loic,Denning,PHP,odenningao@reuters.com
2014,Villeurbanne,Jade,Tennewell,PHP,rtennewellap@engadget.com
2015,Gex,Susy,Birrell,Python,kbirrellaq@paypal.com
2011,Villeurbanne,Juliette,Wiburn,PHP,nwiburnar@gravatar.com
2009,Gex,Loic,Dunseith,Js,gdunseithas@artisteer.com
2021,Charbonnieres,Alice,O'Corhane,PHP,focorhaneat@seesaa.net
2011,Saint-Martin,Loic,Francescozzi,Java,bfrancescozziau@usgs.gov
2016,Villeurbanne,Sara,Sivill,Java,jsivillav@dropbox.com
2008,Gex,Juliette,Skitch,Js,askitchaw@va.gov
2009,Remote,Alois,Winsper,Python,pwinsperax@usgs.gov
2016,Remote,Amanda,Menhenitt,PHP,rmenhenittay@twitpic.com
2010,Saint-Martin,Mia,Farahar,Java,kfaraharaz@ucsd.edu
2013,Villeurbanne,Eric,Redit,Python,sreditb0@mlb.com
2014,Charbonnieres,Jennifer,Elgram,PHP,relgramb1@blogspot.com
2019,Charbonnieres,Tony,Edds,Js,aeddsb2@netvibes.com
2009,Remote,Franck,Fenny,PHP,gfennyb3@unc.edu
2015,Charbonnieres,Corentin,Joan,Java,ajoanb4@scientificamerican.com
2008,Remote,Tony,Gregoraci,Python,jgregoracib5@cam.ac.uk
2020,Gex,Mathieu,Netley,Python,jnetleyb6@themeforest.net
2016,Charbonnieres,Bilel,Nunn,Python,gnunnb7@1688.com
2013,Charbonnieres,Alois,Filan,Java,gfilanb8@devhub.com
2013,Remote,Lucas,Gilbank,Python,cgilbankb9@state.tx.us
2009,Villeurbanne,Franck,Chastel,PHP,mchastelba@booking.com
2014,Remote,Loic,Brodeau,Js,dbrodeaubb@canalblog.com
2010,Saint-Martin,Sara,Alyukin,Java,malyukinbc@parallels.com
2021,Gex,Kais,Torvey,Js,htorveybd@taobao.com
2008,Charbonnieres,Jean-loup,Howlin,Java,uhowlinbe@smh.com.au
2011,Gex,Kinglsey,Wyld,Java,nwyldbf@dedecms.com
2009,Gex,Bilel,Seadon,Python,bseadonbg@sciencedaily.com
2021,Saint-Martin,Adrien,McEachern,Js,hmceachernbh@amazon.co.jp
2020,Saint-Martin,Iliana,Ebbrell,Js,hebbrellbi@statcounter.com
2012,Villeurbanne,Lena,Lagne,PHP,slagnebj@behance.net
2021,Remote,Tony,Danielovitch,Python,gdanielovitchbk@etsy.com
2012,Gex,Adrien,Hessing,Java,bhessingbl@youku.com
2013,Gex,Yoann,Gutowski,PHP,agutowskibm@pen.io
2019,Villeurbanne,Cedric,Mackie,PHP,fmackiebn@booking.com
2018,Villeurbanne,Amanda,Himpson,Js,fhimpsonbo@mediafire.com
2013,Charbonnieres,Juliette,Loyd,Python,mloydbp@liveinternet.ru
2015,Gex,Catherine,Littleover,Js,mlittleoverbq@loc.gov
2020,Gex,Dorsun,Walley,Js,ewalleybr@bloglines.com
2012,Saint-Martin,Jennifer,Goldbourn,Java,cgoldbournbs@dagondesign.com
2011,Remote,Ludwig,Matton,Js,cmattonbt@fema.gov
2020,Gex,Karim,Manns,Python,mmannsbu@newsvine.com
2014,Remote,Lena,Allabush,Java,rallabushbv@smh.com.au
2014,Villeurbanne,Iliana,Daley,Java,rdaleybw@privacy.gov.au
2019,Gex,Bilel,Impy,PHP,mimpybx@google.co.uk
2016,Charbonnieres,Adrien,Lattin,Python,jlattinby@about.me
2021,Remote,Matteo,Shillinglaw,PHP,bshillinglawbz@gmpg.org
2010,Villeurbanne,Lena,Wadly,Java,hwadlyc0@ox.ac.uk
2016,Remote,Jean-loup,Nesbit,Js,knesbitc1@google.co.jp
2019,Remote,Ludwig,Darbyshire,PHP,hdarbyshirec2@aol.com
2018,Villeurbanne,Adrien,How,Python,rhowc3@wikipedia.org
2008,Charbonnieres,Theo,Cranney,Java,lcranneyc4@cdc.gov
2010,Saint-Martin,Corentin,Yaneev,Java,nyaneevc5@instagram.com
2008,Villeurbanne,Jennifer,Haith,Java,uhaithc6@squidoo.com
2015,Remote,Ali,Gravells,Java,cgravellsc7@php.net
2020,Remote,Sara,Cuttles,Python,kcuttlesc8@yellowbook.com
2010,Remote,Michel,Lohering,PHP,kloheringc9@lulu.com
2020,Charbonnieres,Sara,Sibson,Js,msibsonca@shop-pro.jp
2014,Remote,Adam,Gethyn,PHP,agethyncb@msn.com
2021,Charbonnieres,Philippe,Stickings,PHP,bstickingscc@home.pl
2018,Villeurbanne,Jennifer,Geertje,Js,pgeertjecd@alibaba.com
2011,Remote,Loic,Pfleger,Java,ppflegerce@newyorker.com
2020,Saint-Martin,Melodie,Bradnocke,Java,jbradnockecf@census.gov
2017,Charbonnieres,Amanda,Crommett,PHP,ncrommettcg@so-net.ne.jp
2018,Saint-Martin,Alois,Westoff,Js,rwestoffch@sitemeter.com
2013,Gex,Eric,Pakes,Java,apakesci@salon.com
2019,Gex,Jean-loup,Souster,PHP,lsoustercj@army.mil
2011,Saint-Martin,Mia,Dhennin,Java,fdhenninck@posterous.com
2010,Gex,Dorsun,Soal,Js,gsoalcl@issuu.com
2011,Saint-Martin,Lucas,Exon,Python,eexoncm@slideshare.net
2019,Remote,Theo,Trase,Java,ftrasecn@cyberchimps.com
2018,Saint-Martin,Lena,Gellately,Js,ggellatelyco@taobao.com
2015,Saint-Martin,Bilel,Venable,PHP,mvenablecp@nps.gov
2010,Saint-Martin,Alexandre,Berks,Js,dberkscq@shutterfly.com
2012,Saint-Martin,Anna,Wolver,PHP,awolvercr@canalblog.com
2013,Charbonnieres,Loic,Elgie,Js,zelgiecs@state.tx.us
2008,Remote,Mathieu,Feldklein,Js,sfeldkleinct@jigsy.com
2014,Saint-Martin,Juliette,Beet,PHP,bbeetcu@jalbum.net
2009,Remote,Claude,Gaitskill,Python,vgaitskillcv@youtu.be
2013,Villeurbanne,Iliana,Tomkins,Js,stomkinscw@networksolutions.com
2018,Saint-Martin,Fazul,Alans,PHP,calanscx@digg.com
2011,Charbonnieres,Adrien,Le Provost,PHP,nleprovostcy@msn.com
2009,Villeurbanne,Fazul,Bratten,Java,pbrattencz@newsvine.com
2011,Villeurbanne,Mathieu,Caesar,Java,kcaesard0@ucoz.ru
2021,Charbonnieres,Fazul,Harley,Js,eharleyd1@mediafire.com
2010,Remote,Jean-loup,Jekel,Js,cjekeld2@istockphoto.com
2018,Charbonnieres,Melodie,Timperley,Java,ktimperleyd3@acquirethisname.com
2020,Villeurbanne,Matteo,Ortner,Java,rortnerd4@examiner.com
2014,Saint-Martin,Ludwig,Filchagin,Java,gfilchagind5@wordpress.org
2014,Charbonnieres,Jennifer,Sapir,Java,csapird6@msn.com
2013,Villeurbanne,Jade,Ponsford,Js,rponsfordd7@etsy.com
2009,Villeurbanne,Aurelien,Mughal,Python,tmughald8@myspace.com
2018,Charbonnieres,Ali,Aleksashin,Java,kaleksashind9@kickstarter.com
2020,Charbonnieres,Lena,Clewarth,Js,gclewarthda@feedburner.com
2009,Gex,Maude,Tidcombe,Js,ktidcombedb@toplist.cz
2021,Remote,Juliette,Easbie,PHP,eeasbiedc@slideshare.net
2010,Gex,Cedric,Fearnsides,Js,cfearnsidesdd@samsung.com
2012,Villeurbanne,David,De la Yglesias,Python,pdelayglesiasde@weebly.com
2008,Gex,Yoann,Kubista,PHP,skubistadf@imageshack.us
2009,Villeurbanne,Corentin,Tuffrey,Java,htuffreydg@apple.com
2021,Saint-Martin,Kais,Genty,Python,vgentydh@amazonaws.com
2011,Remote,Loic,Mc Ilory,Js,bmcilorydi@oakley.com
2009,Charbonnieres,Loic,Swinburn,Js,cswinburndj@dell.com
2009,Remote,Alexandre,Bonafant,Js,bbonafantdk@cbc.ca
2011,Remote,Bilel,Rubinlicht,Js,rrubinlichtdl@newsvine.com
2019,Saint-Martin,Jennifer,Scurrer,Python,cscurrerdm@nps.gov
2009,Villeurbanne,Adam,Ebi,PHP,vebidn@github.io
2013,Saint-Martin,Maude,Frackiewicz,Js,jfrackiewiczdo@umich.edu
2020,Charbonnieres,Claude,Zumbusch,Java,czumbuschdp@bloomberg.com
2012,Villeurbanne,Kais,Drowsfield,Js,tdrowsfielddq@quantcast.com
2014,Saint-Martin,Sara,Beacon,Python,rbeacondr@pbs.org
2008,Gex,Susy,Crecy,PHP,rcrecyds@archive.org
2011,Remote,Philippe,Olyff,Python,solyffdt@newyorker.com
2016,Charbonnieres,Alice,Brumfitt,Python,gbrumfittdu@nps.gov
2012,Villeurbanne,Nicolas,Denham,Python,gdenhamdv@cmu.edu
2008,Remote,Melodie,Roycroft,Js,aroycroftdw@independent.co.uk
2012,Gex,Catherine,Tibald,Java,atibalddx@google.cn
2008,Gex,Lena,Brownjohn,Js,pbrownjohndy@oakley.com
2016,Saint-Martin,Eric,Boyat,Java,lboyatdz@barnesandnoble.com
2019,Villeurbanne,Alois,Slocket,Python,aslockete0@xinhuanet.com
2009,Remote,Juliette,Saldler,PHP,bsaldlere1@gravatar.com
2017,Remote,Amanda,Ovitz,PHP,eovitze2@drupal.org
2021,Gex,Maude,L'oiseau,Js,cloiseaue3@creativecommons.org
2018,Saint-Martin,Alice,O'Hengerty,Python,mohengertye4@blog.com
2012,Charbonnieres,Lena,Kynson,Python,ekynsone5@ed.gov
2015,Saint-Martin,David,Whodcoat,Python,lwhodcoate6@acquirethisname.com
2011,Gex,Ali,MacVicar,Js,cmacvicare7@is.gd
2013,Saint-Martin,Nicolas,Goldstraw,Python,rgoldstrawe8@icq.com
2013,Charbonnieres,Susy,O'Logan,Python,kologane9@dion.ne.jp
2020,Saint-Martin,Michel,Gregg,Js,agreggea@vistaprint.com
2015,Gex,Adam,Ivanchenkov,PHP,tivanchenkoveb@cpanel.net
2020,Gex,Alexandre,Tweedy,Js,stweedyec@state.tx.us
2008,Charbonnieres,Lena,Gipps,Java,dgippsed@i2i.jp
2010,Charbonnieres,Alexandre,McCorkell,PHP,bmccorkellee@virginia.edu
2015,Gex,Ludwig,Perceval,Js,lpercevalef@vimeo.com
2019,Villeurbanne,Anna,Clements,PHP,tclementseg@bbb.org
2010,Saint-Martin,Yoann,Band,Java,sbandeh@engadget.com
2013,Gex,Mathieu,Vasyunin,Java,gvasyuninei@lulu.com
2013,Charbonnieres,Sara,Jeaves,PHP,fjeavesej@1688.com
2017,Gex,Veronique,Steffens,Java,psteffensek@taobao.com
2017,Villeurbanne,Catherine,Jaxon,PHP,pjaxonel@mapy.cz
2012,Villeurbanne,Jade,Bessent,Java,fbessentem@ihg.com
2018,Villeurbanne,Melodie,Cottel,Python,acottelen@cafepress.com
2014,Gex,Franck,Marryatt,Python,jmarryatteo@state.tx.us
2010,Remote,Susy,Ashbolt,PHP,nashboltep@nps.gov
2009,Villeurbanne,Eric,Vanderplas,Js,cvanderplaseq@google.de
2019,Saint-Martin,Theo,Lauks,Js,tlaukser@nasa.gov
2013,Villeurbanne,Fazul,Holtum,Python,kholtumes@lycos.com
2011,Charbonnieres,Eric,Polo,Js,cpoloet@ca.gov
2008,Gex,Adrien,Kerner,PHP,ckernereu@g.co
2010,Villeurbanne,Philippe,MacCallion,Python,mmaccallionev@engadget.com
2014,Villeurbanne,Amanda,Winfindine,Js,mwinfindineew@cam.ac.uk
2021,Villeurbanne,Catherine,Leverson,PHP,jleversonex@de.vu
2017,Saint-Martin,Amanda,Tivers,PHP,stiversey@xrea.com
2009,Charbonnieres,Mathieu,Aujouanet,Python,raujouanetez@washingtonpost.com
2017,Remote,Sara,Alcott,PHP,aalcottf0@sakura.ne.jp
2020,Saint-Martin,Anna,Wilkennson,Js,cwilkennsonf1@mashable.com
2012,Remote,Claude,Kellie,Python,lkellief2@gmpg.org
2011,Charbonnieres,Anna,Youngs,Java,ayoungsf3@about.me
2017,Charbonnieres,Jean-loup,Wickins,Python,swickinsf4@intel.com
2012,Gex,Maude,Ricardin,Js,sricardinf5@dagondesign.com
2010,Remote,Adam,Meineck,Js,gmeineckf6@wix.com
2009,Charbonnieres,Claude,Kite,Java,lkitef7@sogou.com
2012,Villeurbanne,Karim,Pentony,Js,cpentonyf8@theglobeandmail.com
2016,Gex,Juliette,Millard,PHP,nmillardf9@privacy.gov.au
2009,Remote,Veronique,Lucia,PHP,cluciafa@ezinearticles.com
2010,Villeurbanne,Aurelien,Gianetti,Js,lgianettifb@4shared.com
2008,Gex,Iliana,Grolle,Python,bgrollefc@printfriendly.com
2011,Villeurbanne,Claude,Probbings,Js,zprobbingsfd@4shared.com
2020,Remote,Aurelien,Conquest,Js,sconquestfe@digg.com
2016,Remote,Nicolas,Birchill,PHP,dbirchillff@typepad.com
2021,Villeurbanne,David,Gonoude,Python,lgonoudefg@europa.eu
2017,Gex,Eric,Jeary,PHP,ajearyfh@opensource.org
2020,Charbonnieres,Iliana,Keelan,Java,akeelanfi@dmoz.org
2016,Saint-Martin,Jean-loup,Skitral,Java,tskitralfj@bbc.co.uk
2010,Gex,Alice,Coche,Java,bcochefk@engadget.com
2021,Villeurbanne,Susy,Agglio,PHP,gaggliofl@sun.com
2017,Remote,Sara,Coulsen,PHP,ncoulsenfm@prnewswire.com
2020,Remote,Kinglsey,O' Mullane,Python,lomullanefn@tamu.edu
2008,Villeurbanne,Jennifer,Frankowski,PHP,kfrankowskifo@phpbb.com
2014,Charbonnieres,Corentin,Deal,Java,pdealfp@wp.com
2015,Saint-Martin,Ludwig,Gibbeson,PHP,pgibbesonfq@miitbeian.gov.cn
2009,Remote,Maude,Luttgert,Js,mluttgertfr@yolasite.com
2009,Remote,Anna,McPartling,Python,gmcpartlingfs@canalblog.com
2016,Gex,Lena,Wilne,Python,mwilneft@rediff.com
2009,Charbonnieres,David,Gerardin,Python,sgerardinfu@thetimes.co.uk
2017,Charbonnieres,Tony,Ivers,PHP,oiversfv@trellian.com
2017,Remote,Catherine,Burdis,Js,nburdisfw@economist.com
2010,Villeurbanne,Nicolas,Escala,PHP,gescalafx@patch.com
2012,Charbonnieres,Jean-loup,Blasgen,PHP,gblasgenfy@simplemachines.org
2014,Saint-Martin,Lucas,Grace,PHP,sgracefz@comsenz.com
2008,Saint-Martin,Mathieu,Gislebert,PHP,ggislebertg0@nydailynews.com
2015,Villeurbanne,Adrien,Chritchley,Java,cchritchleyg1@cnn.com
2017,Charbonnieres,Maude,Bucher,Js,lbucherg2@mit.edu
2019,Remote,Cedric,Drain,Js,jdraing3@mashable.com
2013,Gex,David,Luety,Js,mluetyg4@google.com.au
2021,Saint-Martin,Bilel,Henbury,Python,thenburyg5@reference.com
2013,Saint-Martin,Amanda,Dalliwater,PHP,ddalliwaterg6@wufoo.com
2015,Gex,Cedric,O'Connolly,Java,koconnollyg7@vkontakte.ru
2017,Charbonnieres,Cedric,Royall,Python,croyallg8@columbia.edu
2010,Saint-Martin,Dorsun,Eberle,PHP,reberleg9@biblegateway.com
2017,Villeurbanne,Karim,Soot,PHP,nsootga@livejournal.com
2013,Remote,Ali,Snugg,Java,msnugggb@zdnet.com
2008,Charbonnieres,Susy,Insoll,Python,pinsollgc@pen.io
2013,Remote,Jean-loup,Werndly,Python,ewerndlygd@wikia.com
2009,Saint-Martin,Veronique,Drohane,Js,rdrohanege@disqus.com
2012,Remote,Adrien,Woodward,Java,nwoodwardgf@ucoz.ru
2015,Villeurbanne,Alexandre,Wrench,PHP,mwrenchgg@fda.gov
2011,Villeurbanne,Loic,Pylkynyton,Python,dpylkynytongh@nhs.uk
2014,Gex,Cedric,Pickrell,Js,gpickrellgi@slashdot.org
2019,Saint-Martin,Claude,Conneely,Python,rconneelygj@imageshack.us
2011,Villeurbanne,Jennifer,Dohms,PHP,cdohmsgk@bing.com
2021,Charbonnieres,Ludwig,Sommerled,PHP,tsommerledgl@usa.gov
2020,Villeurbanne,Matteo,Biddles,PHP,mbiddlesgm@nih.gov
2014,Gex,Nicolas,Mulchrone,Java,lmulchronegn@squidoo.com
2017,Gex,Yoann,Gaymar,PHP,qgaymargo@telegraph.co.uk
2014,Charbonnieres,Corentin,Hackley,Java,mhackleygp@techcrunch.com
2011,Remote,Dorsun,Deyes,Java,bdeyesgq@bloomberg.com
2009,Saint-Martin,Eric,Matteuzzi,Java,wmatteuzzigr@cpanel.net
2008,Villeurbanne,Anna,Reape,Js,nreapegs@prweb.com
2008,Charbonnieres,Fazul,Raxworthy,PHP,araxworthygt@go.com
2014,Remote,Bilel,Brackstone,Js,nbrackstonegu@fema.gov
2014,Saint-Martin,David,Clementucci,Python,dclementuccigv@netlog.com
2015,Saint-Martin,Alois,Di Francecshi,Python,odifrancecshigw@cbslocal.com
2014,Gex,Fazul,Deeman,PHP,vdeemangx@desdev.cn
2009,Remote,Cedric,Ilymanov,Js,dilymanovgy@geocities.jp
2020,Remote,Alexandre,Jarvie,PHP,hjarviegz@friendfeed.com
2019,Remote,Philippe,Chappelle,Java,jchappelleh0@nasa.gov
2013,Charbonnieres,Kinglsey,Ingledew,Java,tingledewh1@canalblog.com
2014,Gex,Anna,Alves,Java,malvesh2@latimes.com
2009,Villeurbanne,Philippe,Colthard,PHP,wcolthardh3@sogou.com
2019,Villeurbanne,Alice,Heed,Java,mheedh4@wiley.com
2021,Remote,Matteo,Bracco,PHP,vbraccoh5@msu.edu
2013,Saint-Martin,Nicolas,Nassey,PHP,cnasseyh6@google.com.br
2018,Saint-Martin,Yoann,Langlands,Js,olanglandsh7@amazon.de
2012,Gex,Karim,Eagles,Python,aeaglesh8@vk.com
2015,Gex,Lucas,Snartt,Python,rsnartth9@chronoengine.com
2015,Villeurbanne,Jennifer,Warre,PHP,nwarreha@vistaprint.com
2010,Villeurbanne,Cedric,Basketter,Python,tbasketterhb@foxnews.com
2017,Gex,Mathieu,Stanway,Js,vstanwayhc@typepad.com
2016,Gex,Lena,Crimmins,Python,acrimminshd@devhub.com
2020,Remote,Philippe,Milbank,Python,amilbankhe@walmart.com
2014,Villeurbanne,Michel,Leggen,Js,dleggenhf@cbsnews.com
2020,Saint-Martin,Jean-loup,Croci,Java,pcrocihg@chicagotribune.com
2018,Charbonnieres,Michel,McDonald,Java,lmcdonaldhh@mlb.com
2014,Saint-Martin,Loic,Marquez,Python,fmarquezhi@indiegogo.com
2017,Villeurbanne,Alois,Rickford,Python,krickfordhj@instagram.com
2012,Gex,Lucas,Maw,PHP,jmawhk@zdnet.com
2008,Saint-Martin,Lucas,Basketter,PHP,cbasketterhl@mayoclinic.com
2011,Remote,Alois,Reisenstein,Python,areisensteinhm@nih.gov
2008,Villeurbanne,Claude,Sloyan,Js,rsloyanhn@livejournal.com
2011,Villeurbanne,Ludwig,Thurby,PHP,athurbyho@histats.com
2012,Remote,Fazul,Dillway,Python,gdillwayhp@webmd.com
2008,Remote,Alois,Cottrell,PHP,scottrellhq@hp.com
2017,Saint-Martin,Iliana,Duffree,Python,bduffreehr@usda.gov
2012,Gex,Mia,Gritsunov,PHP,rgritsunovhs@uol.com.br
2010,Remote,Catherine,Mayoral,Python,mmayoralht@telegraph.co.uk
2015,Villeurbanne,Alexandre,Tubbles,Java,dtubbleshu@moonfruit.com
2017,Charbonnieres,Nicolas,Leger,Python,clegerhv@bluehost.com
2016,Remote,Corentin,Holtum,Java,bholtumhw@networksolutions.com
2008,Charbonnieres,Kais,Goldman,Java,ggoldmanhx@is.gd
2017,Gex,Sara,Sheals,Java,vshealshy@xrea.com
2017,Remote,Eric,Burchill,Java,aburchillhz@zimbio.com
2012,Gex,Adrien,Lansley,PHP,clansleyi0@wired.com
2016,Charbonnieres,Dorsun,Robers,Java,brobersi1@earthlink.net
2016,Gex,Lena,Syne,Js,asynei2@naver.com
2020,Saint-Martin,Juliette,Westfalen,Js,vwestfaleni3@gmpg.org
2009,Gex,Adam,Verity,Python,bverityi4@nytimes.com
2011,Remote,Nicolas,Lias,Python,eliasi5@washingtonpost.com
2018,Charbonnieres,Nicolas,Dmych,Python,hdmychi6@t.co
2017,Remote,Kais,Linch,Java,dlinchi7@hp.com
2020,Gex,Nicolas,Mattinson,Java,bmattinsoni8@google.co.jp
2009,Saint-Martin,Adrien,Brimfield,Python,obrimfieldi9@e-recht24.de
2012,Charbonnieres,Juliette,Linsley,Python,slinsleyia@dyndns.org
2012,Remote,Franck,Pittam,Python,ppittamib@altervista.org
2010,Saint-Martin,Eric,Burless,Python,aburlessic@clickbank.net
2008,Charbonnieres,Dorsun,Ambrosoni,PHP,kambrosoniid@github.io
2015,Remote,Yoann,Vaszoly,Js,kvaszolyie@omniture.com
2011,Remote,Anna,Ventom,Js,nventomif@dailymail.co.uk
2010,Saint-Martin,Mia,Renard,Python,crenardig@google.com.br
2017,Gex,Anna,Rolfo,Java,vrolfoih@fema.gov
2013,Gex,Amanda,McKall,Python,mmckallii@google.es
2018,Saint-Martin,Iliana,O'Spellissey,Python,sospellisseyij@auda.org.au
2018,Villeurbanne,Veronique,Norman,PHP,lnormanik@geocities.com
2019,Saint-Martin,Claude,Stourton,PHP,bstourtonil@thetimes.co.uk
2013,Villeurbanne,Kais,Summerson,Java,bsummersonim@opensource.org
2008,Saint-Martin,Corentin,Vales,Js,gvalesin@businessweek.com
2008,Charbonnieres,Nicolas,Slite,Python,msliteio@icq.com
2008,Villeurbanne,Susy,Megson,Java,gmegsonip@shinystat.com
2009,Villeurbanne,Veronique,Curnucke,Python,pcurnuckeiq@theglobeandmail.com
2015,Gex,Iliana,Back,Js,vbackir@zdnet.com
2010,Charbonnieres,Cedric,Burling,Python,kburlingis@slate.com
2019,Remote,Philippe,Lemary,Python,clemaryit@com.com
2008,Villeurbanne,Adam,Fawson,Js,bfawsoniu@state.tx.us
2016,Charbonnieres,Juliette,Hurdle,Java,ahurdleiv@narod.ru
2017,Charbonnieres,Catherine,Mulvenna,Java,jmulvennaiw@techcrunch.com
2019,Gex,Adrien,Riddoch,PHP,lriddochix@independent.co.uk
2016,Villeurbanne,Corentin,Rickeard,Python,srickeardiy@sakura.ne.jp
2012,Charbonnieres,Fazul,Guisby,Python,aguisbyiz@eventbrite.com
2008,Remote,Lucas,Pringell,PHP,mpringellj0@chron.com
2010,Remote,Kinglsey,Billes,PHP,wbillesj1@sakura.ne.jp
2015,Charbonnieres,Jade,Graine,Js,bgrainej2@yolasite.com
2013,Villeurbanne,Theo,Cheeke,Java,acheekej3@digg.com
2019,Gex,Claude,Hamner,PHP,khamnerj4@china.com.cn
2016,Gex,Iliana,Palfrie,Js,cpalfriej5@youtube.com
2019,Saint-Martin,Catherine,Besque,Java,ibesquej6@geocities.com
2010,Charbonnieres,Catherine,McFetridge,Js,lmcfetridgej7@prlog.org
2012,Gex,Alois,Pavey,Python,apaveyj8@geocities.jp
2020,Remote,Bilel,Terrett,Java,eterrettj9@xinhuanet.com
2017,Saint-Martin,Juliette,Rosenau,PHP,prosenauja@usa.gov
2016,Charbonnieres,Lena,MacKinnon,Js,kmackinnonjb@topsy.com
2016,Gex,Maude,Welburn,Java,awelburnjc@yandex.ru
2020,Gex,Sara,Beedle,Java,sbeedlejd@spiegel.de
2016,Charbonnieres,Cedric,Haverty,Js,khavertyje@facebook.com
2015,Saint-Martin,Yoann,Hatherall,Python,chatheralljf@jiathis.com
2011,Saint-Martin,Loic,Howatt,Python,dhowattjg@bluehost.com
2013,Gex,Anna,Pennicard,Js,gpennicardjh@columbia.edu
2021,Remote,Anna,Andover,Js,landoverji@gmpg.org
2008,Villeurbanne,Jennifer,Coope,Js,lcoopejj@theatlantic.com
2008,Remote,Michel,Maccraw,Java,fmaccrawjk@tiny.cc
2014,Remote,Claude,Southouse,PHP,psouthousejl@about.com
2011,Charbonnieres,Sara,Hearty,PHP,vheartyjm@sakura.ne.jp
2018,Remote,Mathieu,Benedek,PHP,rbenedekjn@hp.com
2017,Gex,Michel,Wiltshier,Js,lwiltshierjo@phoca.cz
2020,Remote,Aurelien,Lehrer,Java,flehrerjp@sakura.ne.jp
2015,Gex,Iliana,Esson,Js,nessonjq@cdbaby.com
2008,Gex,Lena,Feaster,Js,lfeasterjr@elpais.com
2016,Charbonnieres,Amanda,Kinnach,Js,bkinnachjs@upenn.edu
2009,Remote,Nicolas,Rawsthorn,Java,orawsthornjt@mit.edu
2011,Charbonnieres,Anna,Witnall,Java,cwitnallju@ibm.com
2021,Villeurbanne,Loic,Tallman,PHP,rtallmanjv@quantcast.com
2014,Charbonnieres,Michel,Siney,Python,gsineyjw@irs.gov
2010,Charbonnieres,Philippe,Capps,PHP,kcappsjx@macromedia.com
2015,Gex,Theo,Schinetti,Js,lschinettijy@fastcompany.com
2015,Charbonnieres,Alexandre,Sweed,Python,fsweedjz@scribd.com
2016,Saint-Martin,Claude,Feldhuhn,Js,mfeldhuhnk0@photobucket.com
2017,Charbonnieres,Eric,Gorler,PHP,jgorlerk1@kickstarter.com
2010,Remote,Ali,Shimony,Js,wshimonyk2@theglobeandmail.com
2020,Villeurbanne,Claude,Wesgate,Js,pwesgatek3@psu.edu
2016,Saint-Martin,Cedric,Pero,Js,sperok4@ca.gov
2015,Gex,Ali,Littlemore,Js,plittlemorek5@google.com.au
2008,Remote,Corentin,Perch,Java,nperchk6@blog.com
2018,Charbonnieres,Alice,MacAvaddy,Js,tmacavaddyk7@gravatar.com
2014,Saint-Martin,Jennifer,Stanbridge,Python,astanbridgek8@facebook.com
2021,Remote,Adrien,Armand,PHP,iarmandk9@fc2.com
2021,Villeurbanne,Catherine,Bullough,Python,lbulloughka@cbc.ca
2012,Charbonnieres,Jean-loup,Tolomelli,Python,btolomellikb@oracle.com
2017,Charbonnieres,Jean-loup,Borsnall,Python,eborsnallkc@blinklist.com
2019,Villeurbanne,Lucas,Dunge,Js,mdungekd@hibu.com
2017,Remote,Alois,Godlip,Java,dgodlipke@paypal.com
2015,Remote,Alexandre,Aloshikin,Python,saloshikinkf@weibo.com
2010,Villeurbanne,Yoann,Simakov,Java,bsimakovkg@discovery.com
2017,Charbonnieres,Tony,Cowp,Js,jcowpkh@soup.io
2010,Charbonnieres,Alexandre,Sarsfield,Js,bsarsfieldki@dailymail.co.uk
2013,Saint-Martin,Sara,Claige,PHP,sclaigekj@army.mil
2015,Villeurbanne,Mia,Langstrath,Js,slangstrathkk@china.com.cn
2010,Gex,Veronique,Mendonca,Java,bmendoncakl@meetup.com
2020,Saint-Martin,Ali,Robiot,PHP,lrobiotkm@issuu.com
2008,Remote,Jean-loup,Tolland,Js,mtollandkn@ucsd.edu
2011,Villeurbanne,Alois,Decourcy,Java,jdecourcyko@ycombinator.com
2018,Gex,Ali,Mainston,Java,dmainstonkp@digg.com
2017,Villeurbanne,Cedric,Syddon,Js,csyddonkq@acquirethisname.com
2010,Saint-Martin,Sara,Aumerle,Js,aaumerlekr@seesaa.net
2017,Charbonnieres,Susy,Somerscales,Js,tsomerscalesks@senate.gov
2010,Charbonnieres,Kinglsey,Bolletti,Java,ibollettikt@usatoday.com
2019,Villeurbanne,Kinglsey,Paulack,Java,vpaulackku@behance.net
2016,Saint-Martin,Aurelien,Horning,Js,khorningkv@theglobeandmail.com
2012,Villeurbanne,Tony,McKintosh,Python,emckintoshkw@bizjournals.com
2008,Gex,Fazul,Copper,Js,kcopperkx@topsy.com
2010,Charbonnieres,Alexandre,Corstan,Js,mcorstanky@statcounter.com
2008,Saint-Martin,Philippe,Elkington,Js,gelkingtonkz@phoca.cz
2013,Charbonnieres,Juliette,Bacup,PHP,abacupl0@businesswire.com
2013,Villeurbanne,Mia,Hryncewicz,Python,dhryncewiczl1@addtoany.com
2013,Villeurbanne,Jean-loup,Degli Antoni,Python,ndegliantonil2@bigcartel.com
2014,Villeurbanne,Kais,Pieper,Js,mpieperl3@goodreads.com
2017,Gex,Lena,Oxx,Js,aoxxl4@hhs.gov
2016,Remote,Sara,Goldes,Java,agoldesl5@fda.gov
2009,Remote,David,Queenborough,PHP,rqueenboroughl6@123-reg.co.uk
2014,Saint-Martin,Philippe,Stannas,Python,lstannasl7@engadget.com
2017,Charbonnieres,Alois,Strivens,Js,sstrivensl8@omniture.com
2008,Charbonnieres,Mathieu,Million,Java,bmillionl9@amazon.co.uk
2012,Saint-Martin,Alice,Duignan,Js,jduignanla@msu.edu
2014,Remote,Jennifer,Orchard,PHP,eorchardlb@theguardian.com
2009,Saint-Martin,Adam,Hakonsson,PHP,ghakonssonlc@go.com
2013,Charbonnieres,David,Cotter,Js,dcotterld@squidoo.com
2015,Saint-Martin,Aurelien,Mabey,PHP,kmabeyle@sina.com.cn
2011,Villeurbanne,Bilel,Stokoe,PHP,astokoelf@techcrunch.com
2021,Remote,Alexandre,Courtenay,PHP,rcourtenaylg@domainmarket.com
2018,Gex,Philippe,Upfold,PHP,hupfoldlh@ftc.gov
2021,Charbonnieres,Eric,Edwicke,Python,sedwickeli@altervista.org
2019,Villeurbanne,Iliana,Gwynn,PHP,cgwynnlj@cmu.edu
2021,Gex,Lucas,Keele,Java,tkeelelk@soundcloud.com
2012,Gex,Lena,Huxter,Python,vhuxterll@europa.eu
2012,Saint-Martin,Maude,Capes,PHP,jcapeslm@hud.gov
2019,Remote,Claude,Mendus,Java,mmendusln@ebay.com
2018,Remote,Kais,Ecclestone,Js,kecclestonelo@163.com
2010,Saint-Martin,Michel,Skullet,Js,jskulletlp@dagondesign.com
2017,Villeurbanne,Alexandre,Ravel,Js,travellq@bluehost.com
2009,Gex,Veronique,Crich,Js,kcrichlr@ft.com
2014,Villeurbanne,Amanda,Borrie,PHP,iborriels@businessweek.com
2010,Remote,Loic,Boone,Js,hboonelt@virginia.edu
2009,Gex,Claude,Tschirschky,Python,rtschirschkylu@skype.com
2015,Charbonnieres,Jade,Garie,PHP,sgarielv@sourceforge.net
2015,Villeurbanne,Maude,Mylchreest,Python,bmylchreestlw@issuu.com
2015,Gex,Adam,Finlater,Python,sfinlaterlx@zimbio.com
2020,Remote,Maude,Extall,Java,mextallly@tmall.com
2015,Charbonnieres,Claude,Devitt,Js,edevittlz@liveinternet.ru
2013,Remote,Franck,Bucher,Java,ubucherm0@state.gov
2020,Villeurbanne,Michel,Pinock,Java,ppinockm1@gmpg.org
2019,Charbonnieres,Melodie,Conerding,Java,iconerdingm2@goodreads.com
2018,Gex,Mathieu,Gasgarth,Python,egasgarthm3@is.gd
2016,Saint-Martin,Amanda,Ledford,Python,cledfordm4@reverbnation.com
2011,Charbonnieres,Alois,Olsson,Js,molssonm5@ask.com
2016,Remote,Susy,Winridge,PHP,awinridgem6@bigcartel.com
2020,Charbonnieres,Adam,Fairall,PHP,ffairallm7@walmart.com
2016,Remote,Juliette,Larn,Js,mlarnm8@woothemes.com
2013,Villeurbanne,Lucas,Steen,Java,bsteenm9@craigslist.org
2018,Remote,Franck,Pickover,Python,dpickoverma@1688.com
2014,Saint-Martin,Nicolas,Barehead,Java,mbareheadmb@netlog.com
2015,Remote,Loic,Ruecastle,Java,pruecastlemc@ft.com
2019,Villeurbanne,Karim,Joly,Js,gjolymd@theguardian.com
2009,Saint-Martin,Kais,Storr,Js,jstorrme@oakley.com
2012,Gex,Anna,Kelcey,PHP,akelceymf@illinois.edu
2012,Charbonnieres,Lena,Frood,Python,bfroodmg@archive.org
2014,Villeurbanne,Fazul,Jakoub,Python,cjakoubmh@smugmug.com
2020,Remote,Sara,Serridge,PHP,aserridgemi@dailymotion.com
2017,Remote,Jennifer,Laurentino,Python,hlaurentinomj@ocn.ne.jp
2008,Saint-Martin,Alois,Maund,Js,kmaundmk@youku.com
2014,Remote,Cedric,Bumpas,Js,cbumpasml@seesaa.net
2015,Saint-Martin,Aurelien,Jermy,PHP,gjermymm@java.com
2008,Charbonnieres,Jade,Blanchard,Python,mblanchardmn@aboutads.info
2009,Gex,Tony,Huetson,PHP,rhuetsonmo@kickstarter.com
2010,Remote,Veronique,Gorst,Java,rgorstmp@e-recht24.de
2012,Villeurbanne,Alois,Brusle,Js,dbruslemq@msn.com
2013,Villeurbanne,Adam,Fermin,Java,lferminmr@altervista.org
2019,Saint-Martin,Mathieu,Dickson,Java,rdicksonms@studiopress.com
2013,Charbonnieres,Ali,Alen,Python,salenmt@ycombinator.com
2016,Charbonnieres,David,Willbourne,PHP,cwillbournemu@1688.com
2017,Charbonnieres,Claude,Cherm,Js,rchermmv@flickr.com
2017,Gex,Theo,Mosey,Python,amoseymw@digg.com
2015,Remote,Mathieu,Eingerfield,PHP,keingerfieldmx@eepurl.com
2020,Remote,Bilel,Gwillym,Js,bgwillymmy@census.gov
2014,Charbonnieres,Jean-loup,Lebreton,Java,plebretonmz@shareasale.com
2013,Gex,Kinglsey,Stebbin,PHP,gstebbinn0@opera.com
2014,Charbonnieres,Corentin,Nolli,Java,pnollin1@bluehost.com
2020,Charbonnieres,Adam,Fortesquieu,PHP,tfortesquieun2@webs.com
2011,Villeurbanne,Yoann,Pichmann,Js,ipichmannn3@altervista.org
2017,Saint-Martin,Alois,Main,Python,rmainn4@hp.com
2020,Saint-Martin,Theo,Collicott,Js,lcollicottn5@squarespace.com
2021,Gex,Theo,Coetzee,PHP,rcoetzeen6@simplemachines.org
2008,Gex,Kinglsey,Mathevet,Js,kmathevetn7@hp.com
2021,Charbonnieres,Maude,Paolicchi,Java,tpaolicchin8@people.com.cn
2008,Charbonnieres,Alexandre,Marflitt,Python,pmarflittn9@yellowbook.com
2008,Villeurbanne,Aurelien,Pratten,PHP,aprattenna@tuttocitta.it
2018,Charbonnieres,Eric,Gerrelts,Python,cgerreltsnb@ucoz.com
2018,Villeurbanne,Aurelien,McLevie,Js,emclevienc@myspace.com
2017,Gex,Amanda,Jori,Python,djorind@chicagotribune.com
2016,Saint-Martin,Jade,Sheen,Python,nsheenne@nbcnews.com
2008,Gex,Fazul,Naris,Js,mnarisnf@artisteer.com
2018,Villeurbanne,Mathieu,Voas,Java,kvoasng@de.vu
2013,Gex,Mia,Oakman,Python,coakmannh@reddit.com
2015,Remote,Mathieu,Scriven,Js,kscrivenni@free.fr
2017,Remote,Melodie,Borth,Python,gborthnj@theatlantic.com
2017,Saint-Martin,Dorsun,Giraths,PHP,mgirathsnk@blogs.com
2014,Gex,Loic,Liverseege,Java,sliverseegenl@ca.gov
2018,Gex,Ludwig,De Ruggiero,Python,gderuggieronm@g.co
2016,Saint-Martin,Franck,Kupker,Java,dkupkernn@multiply.com
2018,Remote,Dorsun,Rogge,Java,lroggeno@patch.com
2013,Saint-Martin,Mia,Long,Python,mlongnp@163.com
2021,Gex,Tony,Hughland,PHP,lhughlandnq@pcworld.com
2012,Saint-Martin,David,Bugge,Python,mbuggenr@themeforest.net
2008,Saint-Martin,Iliana,Choake,Java,ichoakens@blogger.com
2017,Saint-Martin,Jennifer,McCurrie,Java,tmccurrient@topsy.com
2018,Villeurbanne,Claude,Faircliff,Python,lfaircliffnu@globo.com
2012,Gex,Susy,Lowings,Java,elowingsnv@ezinearticles.com
2009,Charbonnieres,Ali,Newham,Python,knewhamnw@yolasite.com
2020,Remote,Amanda,Sherringham,PHP,tsherringhamnx@nydailynews.com
2010,Charbonnieres,Bilel,Holtum,Java,aholtumny@ehow.com
2015,Charbonnieres,Dorsun,Fredson,Js,tfredsonnz@macromedia.com
2021,Charbonnieres,Mia,Craufurd,Java,dcraufurdo0@ed.gov
2009,Charbonnieres,Kais,Pratt,PHP,dpratto1@gizmodo.com
2019,Remote,Lena,Kings,PHP,kkingso2@posterous.com
2014,Saint-Martin,Ali,Suddick,PHP,ssuddicko3@time.com
2010,Charbonnieres,Adrien,Corbet,Python,bcorbeto4@cbsnews.com
2010,Remote,Claude,Wisson,Java,dwissono5@wufoo.com
2016,Charbonnieres,Tony,Sinnett,Java,usinnetto6@un.org
2015,Gex,David,Stubbings,PHP,rstubbingso7@friendfeed.com
2014,Remote,Franck,Eriksson,PHP,merikssono8@craigslist.org
2015,Saint-Martin,Susy,Illing,Python,pillingo9@mashable.com
2009,Gex,Loic,Warbrick,Java,awarbrickoa@sbwire.com
2015,Charbonnieres,Veronique,Lillistone,Python,glillistoneob@irs.gov
2021,Charbonnieres,Juliette,Cain,PHP,rcainoc@reddit.com
2017,Charbonnieres,Jean-loup,Turrell,Java,mturrellod@ovh.net
2012,Saint-Martin,Eric,Sams,Java,ssamsoe@free.fr
2012,Saint-Martin,Adrien,Symcoxe,Js,csymcoxeof@wikispaces.com
2021,Charbonnieres,David,Brosio,Python,lbrosioog@google.co.uk
2012,Remote,Maude,Dewerson,PHP,cdewersonoh@geocities.jp
2013,Villeurbanne,Tony,Aldham,Js,caldhamoi@un.org
2017,Gex,Claude,Norrington,Python,snorringtonoj@bing.com
2008,Gex,Adam,Jevon,PHP,cjevonok@berkeley.edu
2019,Remote,Matteo,Watkiss,PHP,wwatkissol@ed.gov
2021,Charbonnieres,Alexandre,Leon,Js,fleonom@vinaora.com
2016,Villeurbanne,Alice,Ghidotti,Js,tghidottion@vkontakte.ru
2019,Gex,Aurelien,Camerello,Python,dcamerellooo@diigo.com
2021,Gex,Jennifer,Sapsforde,Java,ssapsfordeop@xing.com
2012,Remote,Veronique,Fulmen,Js,afulmenoq@imdb.com
2018,Charbonnieres,Alois,Bezemer,PHP,dbezemeror@amazon.de
2015,Villeurbanne,Jade,Jacquet,Js,cjacquetos@creativecommons.org
2016,Remote,Alois,Sussans,PHP,hsussansot@surveymonkey.com
2019,Saint-Martin,Adrien,Fison,Java,dfisonou@harvard.edu
2021,Saint-Martin,Lena,MacCahey,PHP,bmaccaheyov@oaic.gov.au
2012,Gex,Cedric,Bubbings,Java,pbubbingsow@arizona.edu
2019,Charbonnieres,Adam,Dorre,Js,sdorreox@disqus.com
2020,Saint-Martin,Dorsun,Waggett,Java,jwaggettoy@homestead.com
2020,Villeurbanne,Fazul,Jenken,PHP,jjenkenoz@squidoo.com
2012,Villeurbanne,Kais,Fulloway,Python,mfullowayp0@nbcnews.com
2020,Saint-Martin,Juliette,Grigoliis,Java,egrigoliisp1@a8.net
2017,Saint-Martin,Aurelien,Eacott,PHP,jeacottp2@gravatar.com
2013,Saint-Martin,Karim,Petriello,Java,hpetriellop3@hostgator.com
2016,Gex,Lucas,D'Antuoni,Java,ndantuonip4@wp.com
2014,Saint-Martin,Alexandre,Iston,Python,mistonp5@ebay.com
2012,Saint-Martin,Alexandre,Fosdike,Python,mfosdikep6@nationalgeographic.com
2021,Charbonnieres,Karim,Gravener,PHP,bgravenerp7@quantcast.com
2014,Villeurbanne,Alexandre,Jermey,Python,rjermeyp8@umn.edu
2013,Charbonnieres,Jean-loup,Fibbit,PHP,lfibbitp9@comsenz.com
2019,Charbonnieres,Adam,Craw,Python,kcrawpa@salon.com
2012,Villeurbanne,Matteo,Klugman,Js,bklugmanpb@cpanel.net
2016,Remote,Corentin,Steers,Js,asteerspc@home.pl
2017,Gex,Tony,Delmage,Python,wdelmagepd@furl.net
2020,Villeurbanne,Karim,Shepstone,Js,hshepstonepe@usa.gov
2011,Gex,Theo,Gillbee,PHP,egillbeepf@archive.org
2018,Gex,Anna,Georgeau,Java,sgeorgeaupg@4shared.com
2014,Villeurbanne,Tony,Gallaher,Python,ggallaherph@reuters.com
2019,Gex,Eric,Larose,Python,mlarosepi@w3.org
2017,Gex,Bilel,Bleakman,Java,ableakmanpj@xing.com
2014,Remote,Catherine,Riddiford,PHP,eriddifordpk@toplist.cz
2009,Charbonnieres,Mia,Huc,Js,fhucpl@mac.com
2009,Remote,Mia,Denne,Js,adennepm@phpbb.com
2010,Gex,Michel,Udell,Python,mudellpn@cmu.edu
2016,Saint-Martin,Karim,Kilfeder,Java,bkilfederpo@ameblo.jp
2009,Gex,Tony,Downer,PHP,cdownerpp@imageshack.us
2017,Remote,Veronique,Attwooll,PHP,uattwoollpq@youku.com
2016,Charbonnieres,Mia,Weerdenburg,Js,aweerdenburgpr@slideshare.net
2008,Gex,Corentin,McGaugan,PHP,tmcgauganps@sciencedaily.com
2011,Gex,Jennifer,Bagnell,Js,abagnellpt@w3.org
2017,Saint-Martin,Susy,Sturgis,PHP,asturgispu@eventbrite.com
2015,Remote,Amanda,Fullager,Js,kfullagerpv@mysql.com
2021,Saint-Martin,Tony,Crumly,Python,ccrumlypw@vimeo.com
2015,Remote,Veronique,Boller,Js,sbollerpx@hibu.com
2021,Villeurbanne,Karim,Damrell,Js,idamrellpy@skyrock.com
2015,Villeurbanne,Franck,Hardiker,Java,dhardikerpz@amazonaws.com
2014,Charbonnieres,Alexandre,Pattle,Java,ypattleq0@walmart.com
2021,Remote,Michel,Blow,Js,bblowq1@fc2.com
2012,Saint-Martin,Loic,Colegate,Js,ecolegateq2@freewebs.com
2019,Saint-Martin,Jennifer,Dullard,PHP,bdullardq3@nyu.edu
2017,Gex,Sara,Goeff,PHP,dgoeffq4@huffingtonpost.com
2019,Saint-Martin,Philippe,Knipe,Java,dknipeq5@ftc.gov
2013,Gex,Matteo,Samsonsen,Js,ssamsonsenq6@free.fr
2015,Gex,Philippe,Baxill,Js,abaxillq7@economist.com
2019,Villeurbanne,Ali,Chadd,PHP,wchaddq8@google.co.jp
2018,Charbonnieres,Mathieu,Pinckney,Js,spinckneyq9@moonfruit.com
2009,Gex,Melodie,Kubanek,Js,fkubanekqa@unesco.org
2009,Charbonnieres,Adrien,Baversor,Js,lbaversorqb@mozilla.org
2010,Remote,Kinglsey,Bembridge,PHP,jbembridgeqc@paypal.com
2019,Gex,Michel,Hatry,Java,ehatryqd@xing.com
2020,Villeurbanne,Alice,Romaint,Js,sromaintqe@cnet.com
2014,Saint-Martin,Kais,Reynolds,PHP,lreynoldsqf@hatena.ne.jp
2018,Charbonnieres,Catherine,Alston,Js,ealstonqg@symantec.com
2008,Saint-Martin,Nicolas,Lghan,Python,alghanqh@china.com.cn
2020,Charbonnieres,Philippe,Duell,Js,lduellqi@icq.com
2015,Remote,Melodie,Cutchie,Java,lcutchieqj@icio.us
2016,Villeurbanne,David,Beany,PHP,sbeanyqk@wp.com
2015,Gex,Iliana,Giffon,PHP,dgiffonql@usatoday.com
2012,Villeurbanne,Cedric,Holborn,Python,mholbornqm@gmpg.org
2012,Charbonnieres,Lucas,Sleaford,Python,jsleafordqn@washingtonpost.com
2010,Charbonnieres,Jennifer,Roughey,PHP,rrougheyqo@myspace.com
2016,Remote,Mia,Nears,Java,mnearsqp@reddit.com
2014,Saint-Martin,Fazul,Woolens,Js,rwoolensqq@fotki.com
2017,Charbonnieres,Lena,Romer,Python,bromerqr@mail.ru
2020,Saint-Martin,Jennifer,Strangeway,PHP,tstrangewayqs@wikispaces.com
2015,Remote,Amanda,Durrett,Python,bdurrettqt@nationalgeographic.com
2014,Villeurbanne,Loic,Eady,Js,readyqu@sogou.com
2014,Saint-Martin,Theo,Dennant,Python,vdennantqv@latimes.com
2008,Gex,Lucas,Block,Python,jblockqw@fda.gov
2020,Villeurbanne,Kinglsey,Bortolozzi,PHP,lbortolozziqx@csmonitor.com
2009,Remote,Lena,Shower,Js,bshowerqy@photobucket.com
2019,Remote,Lena,Avesque,PHP,wavesqueqz@guardian.co.uk
2008,Remote,Kais,Walliker,Js,twallikerr0@edublogs.org
2020,Remote,Juliette,Waszkiewicz,PHP,jwaszkiewiczr1@spiegel.de
2020,Villeurbanne,Mathieu,Betton,Python,mbettonr2@google.com.au
2010,Saint-Martin,Jennifer,Physick,Js,mphysickr3@weibo.com
2014,Saint-Martin,Karim,Geggie,Js,ageggier4@kickstarter.com
2019,Remote,David,Urwin,Java,burwinr5@netvibes.com
2011,Charbonnieres,Iliana,Gadaud,Java,igadaudr6@github.com
2013,Gex,Anna,Cadd,Js,gcaddr7@angelfire.com
2021,Gex,Alois,Lampart,PHP,klampartr8@blinklist.com
2009,Saint-Martin,Cedric,Priest,Python,tpriestr9@cam.ac.uk
2020,Remote,Kinglsey,Milkin,PHP,hmilkinra@qq.com
2016,Villeurbanne,Veronique,Grinnov,Js,fgrinnovrb@amazon.co.jp
2018,Charbonnieres,Mathieu,Preddy,Java,tpreddyrc@oaic.gov.au
2016,Gex,Cedric,Olland,Python,follandrd@twitpic.com
2015,Charbonnieres,Michel,Bellefonte,PHP,mbellefontere@yahoo.com
2014,Remote,Jade,Andre,PHP,randrerf@examiner.com
2018,Villeurbanne,Ali,Danford,Python,fdanfordrg@indiatimes.com
2016,Saint-Martin,Loic,Dewdney,Java,ndewdneyrh@facebook.com
2020,Villeurbanne,Lucas,Casetta,Js,ccasettari@wp.com
2019,Remote,Adam,Bedberry,Js,abedberryrj@zimbio.com
2012,Gex,Loic,Aldie,Java,laldierk@aol.com
2010,Remote,Melodie,Stukings,Js,wstukingsrl@virginia.edu
2017,Remote,Tony,Abrahamsen,Js,habrahamsenrm@slashdot.org
2013,Gex,Maude,Henfre,Python,mhenfrern@exblog.jp
2010,Charbonnieres,Loic,Readman,Java,freadmanro@posterous.com
2015,Villeurbanne,Theo,Warricker,PHP,mwarrickerrp@tripadvisor.com
2010,Villeurbanne,Tony,Birtles,PHP,jbirtlesrq@free.fr
2017,Remote,Jennifer,Adrian,Python,aadrianrr@skype.com
